{
  "students": [
    {
      "id": 101,
      "name": "hschcsbhjcbd ds",
      "email": "cdbhsdcbds"
    },
    {
      "id": 103,
      "name": "vishal2",
      "email": " bscdshjds"
    },
    {
      "id": 104,
      "name": "Anjali",
      "email": "anju@123"
    },
    {
      "id": 205,
      "name": "vishal",
      "email": "vishu@125"
    },
    {
      "id": 201,
      "name": "aijaj",
      "email": "aijaj@123"
    },
    {
      "id": 111,
      "name": "asd",
      "email": "cdbhsdcbds"
    }
  ]
}